parent,child,pred_len
1112011121,1112011021,0.25335878133773804
2102111221,2102010221,0.18964096903800964
1112011121,1112010021,0.26004061102867126
1112111121,1112011121,0.22013290226459503
1112111121,2102111221,0.2597995102405548
1111111111,0210012201,0.363220751285553
1111111111,1112111121,0.348601371049881
