parent,child,pred_len
1111111101,1110111101,0.25009292364120483
1111111101,1111211101,0.26047155261039734
2112111111,2112211201,0.2653706669807434
2112111111,2112111121,0.2735993266105652
1111111111,0111111111,0.3010425865650177
1111111111,1111111101,0.29599785804748535
1111111111,2112111111,0.365287184715271
1111111111,2110011000,0.34473222494125366
