parent,child,pred_len
1111111111,1111111101,0.29599785804748535
1111111111,1112111111,0.32780271768569946
1111111111,2112211101,0.39732906222343445
1111111111,2112001211,0.39706942439079285
