parent,child,pred_len
1110012121,1110012221,0.25387057662010193
1110012121,1110012021,0.30674615502357483
0111112221,0110112221,0.28758227825164795
2111011121,2211012221,0.2616954743862152
2111011121,2111010121,0.20937563478946686
1111112121,0111112221,0.2928520143032074
1111112121,1110012121,0.2637915313243866
1111111111,1111112121,0.343222439289093
1111111111,2111011121,0.30690351128578186
