parent,child,pred_len
2112111201,2102111201,0.21439991891384125
2112111101,2112111001,0.2602672576904297
2112111101,2112111201,0.21294251084327698
2112111101,2102101000,0.33581095933914185
2111111101,2100111200,0.2174251824617386
2111111101,2112111101,0.2718397080898285
1111111111,0102011000,0.3853168487548828
1111111111,2111111101,0.33163976669311523
