parent,child,pred_len
0100001011,0100001012,0.264309823513031
0100001011,0100001000,0.23342345654964447
0101111011,0102111000,0.32721400260925293
0101111011,0100001011,0.30702513456344604
0101111011,0201000021,0.3821054995059967
1111111111,0121201121,0.39966005086898804
1111111111,0101111011,0.3420197069644928
