parent,child,pred_len
0102211221,0102211220,0.24828670918941498
0112211121,0122211121,0.2563043236732483
0112211121,0102211221,0.25349926948547363
0111111121,0220002121,0.382669061422348
0111111121,0112211121,0.31726863980293274
1111111111,2100101000,0.46036413311958313
1111111111,0111111121,0.32095402479171753
