parent,child,pred_len
2120102101,2020102101,0.19800519943237305
2120101101,2120101100,0.18804165720939636
1100101001,2100101000,0.22896207869052887
1100101001,0100201001,0.2268964797258377
2120101101,2120102101,0.22021345794200897
1111111111,2120101101,0.39822494983673096
1111111111,1100101001,0.418097585439682
