parent,child,pred_len
1111111221,1110111221,0.22904498875141144
1111111221,1110112221,0.26711905002593994
1111111221,0111111221,0.2476675808429718
2120211221,2120212221,0.23536573350429535
1111111221,2120211221,0.25884440541267395
1111111111,2110100021,0.46830621361732483
1111111111,1111111221,0.2812790870666504
