parent,child,pred_len
1111001011,1111001001,0.21763795614242554
1111101001,1101101001,0.2007305771112442
1111101011,1111101001,0.23889657855033875
1111101011,1111001011,0.2033408284187317
1111101011,1101001000,0.21934165060520172
2111101000,2100101000,0.13723182678222656
1111101011,2111101000,0.2714995741844177
1111111111,2102011000,0.40001845359802246
1111111111,1111101011,0.3960522413253784
