parent,child,pred_len
2111211221,2111212221,0.25531113147735596
2111011221,2111012221,0.22349344193935394
2111111221,2112112221,0.2897742688655853
2111111221,2111011221,0.18908029794692993
2111211221,2211212221,0.29658132791519165
2111111221,2111211221,0.2187228798866272
1111111221,0112011221,0.2670205235481262
1111111221,2111111221,0.2593330442905426
1111111111,1112001001,0.4401049315929413
1111111111,1111111221,0.2812790870666504
