parent,child,pred_len
1112111221,0102211221,0.258441686630249
0112211201,0112210201,0.2636629343032837
1112111211,0112211201,0.30967801809310913
1112111211,1112111221,0.2791748642921448
1111111111,1000111221,0.25260528922080994
1111111111,1112111211,0.3094105124473572
