parent,child,pred_len
1120111100,0120111100,0.1904057115316391
0111011101,0111011001,0.276108980178833
1111001201,1101001201,0.19094672799110413
1111011101,1111001201,0.2771696448326111
1111011101,0111011101,0.24670901894569397
1120111101,1120111100,0.2312604933977127
1111111101,1120111101,0.23902812600135803
1111111101,1111011101,0.22681353986263275
1111111111,2102011221,0.3404909670352936
1111111111,1111111101,0.29599785804748535
