parent,child,pred_len
1111212121,1111212021,0.3387928307056427
1112111211,0112111211,0.28140413761138916
1112111111,1112001011,0.36403888463974
1112111111,1112111211,0.2611287236213684
1111211121,2110211021,0.3252445459365845
1111211121,1111212121,0.29518333077430725
1111111111,1111211121,0.31057897210121155
1111111111,1112111111,0.32780271768569946
