parent,child,pred_len
0122000000,0222000000,0.19483645260334015
1111111111,0112000000,0.47610390186309814
1111111111,0122000000,0.461189329624176
