parent,child,pred_len
2112212001,2102212001,0.2544725835323334
2112212001,2012212001,0.22390475869178772
2122212001,2022212001,0.20115840435028076
1111111111,2122212001,0.47648733854293823
1111111111,2112212001,0.4914454519748688
