parent,child,pred_len
1111111111,2100011021,0.3485935926437378
1111111111,0112211221,0.3658745586872101
