parent,child,pred_len
2101111000,2100101000,0.20151138305664062
2101111000,2102111000,0.18294984102249146
2101111000,2100101000,0.20151138305664062
2110101210,2100101210,0.16800379753112793
2110101210,2100101200,0.1794712096452713
2110101111,2120101121,0.24110643565654755
2110101111,2110101210,0.22125834226608276
1111111111,2110101111,0.3934399485588074
1111111111,2101111000,0.37597060203552246
