parent,child,pred_len
2110101100,2120101100,0.14971540868282318
2110101100,2100101000,0.18408609926700592
1110101101,2110101100,0.25978079438209534
1110101101,0100201001,0.2950848639011383
2120102101,2020102101,0.19800519943237305
2120102101,2020102101,0.19800519943237305
2120102101,2020102101,0.19800519943237305
1110101101,2120102101,0.2872774004936218
1111111111,2120101101,0.39822494983673096
1111111111,1110101101,0.37317511439323425
