parent,child,pred_len
1111111221,0111111221,0.2476675808429718
1110111221,1110112221,0.272411048412323
1111111221,1110111221,0.22904498875141144
2120211221,2120212221,0.23536573350429535
2110111121,2120211221,0.21359580755233765
2110111121,2110100021,0.34179389476776123
1111111111,2110111121,0.3348431885242462
1111111111,1111111221,0.2812790870666504
