parent,child,pred_len
2111212221,2211212221,0.3015494644641876
2111011221,2111012221,0.22349344193935394
2111111221,2111011221,0.18908029794692993
2111111221,2111212221,0.2556500732898712
1112111221,0112011221,0.22321540117263794
1112111221,2112112221,0.29858341813087463
1111111111,2111211221,0.328164279460907
1111111111,1112001001,0.4401049315929413
1111111111,1112111221,0.32961443066596985
1111111111,2111111221,0.31594401597976685
