parent,child,pred_len
1111111221,1000111221,0.20395950973033905
1111111221,1112111221,0.2715262472629547
0112211211,0102211221,0.3087728023529053
0112211211,0112211201,0.30386245250701904
0112211211,0112211201,0.30386245250701904
0112211201,0112210201,0.2636629343032837
0112211211,0112211201,0.30386245250701904
1111111111,0112211211,0.34459057450294495
1111111111,1111111221,0.2812790870666504
