parent,child,pred_len
1100101000,2100101000,0.17302361130714417
1100101000,0100001000,0.14768195152282715
1100101000,0100001000,0.14768195152282715
1100101000,2100101000,0.17302361130714417
1100101000,2100101000,0.17302361130714417
2100101001,2100001001,0.1642691195011139
2100101001,2100101000,0.18334563076496124
1100101011,0000000021,0.2165726274251938
1100101011,2100101001,0.27147018909454346
1111111111,1100101011,0.39879342913627625
1111111111,1100101000,0.4195726811885834
