parent,child,pred_len
1111001011,1111001001,0.21763795614242554
1111001011,1111001021,0.21986648440361023
1101101111,1101201221,0.2588318884372711
1101101111,2101001000,0.30713415145874023
1111101111,1101101111,0.25278112292289734
1111101111,1111001011,0.26060259342193604
1101101001,0101001001,0.19200503826141357
1101101001,2101101000,0.22401444613933563
1101101001,2100101000,0.22425399720668793
1111111111,1101101001,0.41776248812675476
1111111111,1111101111,0.35436567664146423
