parent,child,pred_len
2111111111,2111111211,0.2413882613182068
2111111111,2111111121,0.2753990888595581
1111111111,1111111011,0.31683096289634705
1111111111,2111111111,0.31417223811149597
