parent,child,pred_len
1111111011,1011111011,0.22284479439258575
1111111111,1111111011,0.31683096289634705
1111111111,1111111211,0.26287615299224854
1111111111,1111111211,0.26287615299224854
