parent,child,pred_len
2111011121,2211012221,0.2616954743862152
2111011121,2111010121,0.20937563478946686
1110012121,1110012221,0.25387057662010193
1110012121,1110012021,0.30674615502357483
1110112121,1110012121,0.2690418064594269
1110112121,0110112221,0.2987346947193146
1111112121,0111112221,0.2928520143032074
1111112121,1110112121,0.28916218876838684
1111111111,1111112121,0.343222439289093
1111111111,2111011121,0.30690351128578186
