parent,child,pred_len
2112111221,2112011221,0.18769849836826324
2112111221,2112011221,0.18769849836826324
2112111211,2112111221,0.2568188011646271
2112111211,2112010201,0.23730969429016113
0122211201,0122210201,0.2381167709827423
0122211201,0122212200,0.271392285823822
0122212201,0022212201,0.2445274442434311
0122211201,0122212201,0.2701956331729889
1111111111,0122211201,0.34912344813346863
1111111111,2112111211,0.34587398171424866
