parent,child,pred_len
0012112221,0012212221,0.31093093752861023
0012112221,0012012221,0.2731609642505646
1012112121,2012212021,0.39067909121513367
1012112121,0012112221,0.3047487735748291
1112212121,0112212221,0.30229002237319946
1112212121,2112212021,0.3747096359729767
1112112121,1112212121,0.2986161708831787
1112112121,1012112121,0.25579169392585754
1111111111,2120010021,0.34070056676864624
1111111111,1112112121,0.3963324725627899
