parent,child,pred_len
2112111201,2102111201,0.21439991891384125
2112111101,2112111001,0.2602672576904297
2112111101,2112111201,0.21294251084327698
1102111000,0102011000,0.1621100902557373
1102111000,2102101000,0.24831338226795197
2111111101,2100111200,0.2174251824617386
2111111101,2112111101,0.2718397080898285
1111111111,2111111101,0.33163976669311523
1111111111,1102111000,0.3907545506954193
