parent,child,pred_len
0101111000,0102111000,0.21348506212234497
0101111000,0100001000,0.2122645378112793
0101111011,0100001012,0.3629220426082611
0101111011,0101111000,0.27908411622047424
0111111111,0121201121,0.39354217052459717
0111111111,0101111011,0.3362899422645569
1111111111,0201000021,0.4750329554080963
1111111111,0111111111,0.3010425865650177
