parent,child,pred_len
2120101110,2120101120,0.17266631126403809
2120101110,2120101100,0.1708114743232727
2120101111,2120101121,0.2274545580148697
2120101111,2120101110,0.21254920959472656
2110101111,2100101000,0.28788602352142334
2110101111,2120101111,0.2245108038187027
0011200200,0001200200,0.2366306036710739
1111111111,0011200200,0.3631390333175659
1111111111,2110101111,0.3934399485588074
