parent,child,pred_len
2120101101,2120101100,0.18804165720939636
2120101101,2120102101,0.22021345794200897
2110101101,2100101000,0.2425520420074463
2110101101,2120101101,0.19897256791591644
1110101101,0100201001,0.2950848639011383
1110101101,2110101101,0.25861719250679016
1111111111,2020102101,0.4093797206878662
1111111111,1110101101,0.37317511439323425
