parent,child,pred_len
1111101001,1101101001,0.2007305771112442
1111001011,1111001001,0.21763795614242554
2111101000,2100101000,0.13723182678222656
1111101000,1101001000,0.13555166125297546
1111101000,2111101000,0.17217940092086792
1111111000,2102011000,0.21226531267166138
1111111000,1111101000,0.22410354018211365
1111101011,1111001011,0.2033408284187317
1111101011,1111101001,0.23889657855033875
1111111111,1111101011,0.3960522413253784
1111111111,1111111000,0.3357243239879608
