parent,child,pred_len
0112211201,0112210201,0.2636629343032837
0112211211,0102211221,0.3087728023529053
0112211211,0112211201,0.30386245250701904
1112111211,1112111221,0.2791748642921448
1112111211,0112211211,0.29286038875579834
1111111111,1000111221,0.25260528922080994
1111111111,1112111211,0.3094105124473572
