parent,child,pred_len
2121111211,2121211201,0.24110843241214752
2121111211,2122111221,0.27660778164863586
1111111111,2121212001,0.42011135816574097
1111111111,2121111211,0.28387513756752014
