parent,child,pred_len
2112212211,2112212221,0.3142654299736023
1122012101,0122012201,0.246399387717247
1122012101,1122012001,0.27703678607940674
2112212211,2112202201,0.39010751247406006
2112112211,2112012221,0.27660927176475525
2112112211,2112212211,0.2949593663215637
1122012101,0122012000,0.29961124062538147
1111111111,1122012101,0.3496435582637787
1111111111,2112112211,0.39345723390579224
