parent,child,pred_len
1111111111,2100111000,0.376293808221817
1111111111,2100101000,0.46036413311958313
