parent,child,pred_len
1111111111,1111111101,0.29599785804748535
1111111111,1111111121,0.29872241616249084
1111111111,1111111211,0.26287615299224854
1111111111,2111111111,0.31417223811149597
1111111111,1111101011,0.3960522413253784
1111111111,1111110111,0.28673073649406433
