parent,child,pred_len
1111111121,2120010021,0.2817613184452057
1111111121,0112212221,0.34953099489212036
0012112221,0012212221,0.31093093752861023
0012112221,0012012221,0.2731609642505646
2112212021,2012212021,0.21882666647434235
1112112121,2112212021,0.3751271963119507
1112112121,0012112221,0.25947555899620056
1111111111,1112112121,0.3963324725627899
1111111111,1111111121,0.29872241616249084
