parent,child,pred_len
2112111000,2102111000,0.15429268777370453
2112111000,2102111000,0.15429268777370453
2111111021,2110101021,0.26116928458213806
2111111021,2112111021,0.23875567317008972
1111111111,2111111021,0.3752460777759552
1111111111,2112111000,0.4283565878868103
