parent,child,pred_len
1112111100,1122211100,0.18899381160736084
1112111100,1102111200,0.17838820815086365
1102111000,2102111000,0.18937747180461884
1102111000,1102211000,0.1731112003326416
1112111100,1102111000,0.2201818823814392
1111111111,1112111100,0.3470180034637451
1111111111,1122211101,0.3447593152523041
