parent,child,pred_len
2112111101,2112111201,0.21294251084327698
2112111101,2112111001,0.2602672576904297
2101111201,2100111200,0.2117297649383545
2101111201,2102111201,0.250908762216568
2101111201,2102111201,0.250908762216568
2111111101,2101111201,0.2161623239517212
2111111101,2112111101,0.2718397080898285
1102111000,0102011000,0.1621100902557373
1102111000,2102101000,0.24831338226795197
1111111111,1102111000,0.3907545506954193
1111111111,2111111101,0.33163976669311523
