parent,child,pred_len
0111111111,0102111000,0.40957844257354736
0111111111,0121201121,0.39354217052459717
0111111111,0121201121,0.39354217052459717
0111111111,0100001000,0.40781810879707336
0101001011,0201000021,0.275185763835907
0101001011,0100001012,0.2591191530227661
1111111111,0101001011,0.3929874300956726
1111111111,0111111111,0.3010425865650177
