parent,child,pred_len
1101011001,1102000001,0.31482353806495667
1101011001,2100012001,0.26583418250083923
1111111011,1101011001,0.24453040957450867
1111111011,1111111021,0.26930898427963257
1111111111,1111111011,0.31683096289634705
1111111111,1111111121,0.29872241616249084
1111111111,1112212001,0.4501975178718567
