parent,child,pred_len
2112111021,2102111021,0.19993863999843597
2112111021,2212110021,0.2396000325679779
1111111111,2100101000,0.46036413311958313
1111111111,2112111021,0.4300665557384491
