parent,child,pred_len
1111101221,1110001221,0.18419557809829712
1111101221,1111201221,0.213042750954628
2102111211,2102111221,0.2525798976421356
2102111111,2102111211,0.23569077253341675
2102111111,2102111011,0.28623250126838684
1111111111,2102111111,0.3676249086856842
1111111111,1111101221,0.35624638199806213
1111111111,1122011111,0.2880372405052185
