parent,child,pred_len
1110101101,1110001201,0.19302800297737122
1110101101,2100101001,0.29626721143722534
1110101101,1110201201,0.22311919927597046
1111101111,1110001211,0.21346566081047058
1111101111,2102101000,0.39506813883781433
1110001211,1110002211,0.25576141476631165
1111101111,1110001211,0.21346566081047058
1111101111,1111001201,0.22694703936576843
1111111111,1111101111,0.35436567664146423
1111111111,1110101101,0.37317511439323425
