parent,child,pred_len
1112211101,1112211001,0.2939293086528778
1112211101,0122211101,0.2669331729412079
1111111111,1112211101,0.3584132790565491
1111111111,2100101000,0.46036413311958313
