parent,child,pred_len
1112011021,1112010021,0.20286844670772552
1112011121,1112011021,0.25335878133773804
1111011111,1112011121,0.3217068314552307
1111011111,0210012201,0.3646447956562042
2102111221,2102010221,0.18964096903800964
1111111111,2102111221,0.3695356845855713
1111111111,1111011111,0.2547886073589325
