parent,child,pred_len
1110101111,0110201221,0.2895691394805908
1110101111,2100101000,0.34841543436050415
1111111111,2100101021,0.4620986580848694
1111111111,1110101111,0.3546809256076813
