parent,child,pred_len
0111011101,0111011001,0.276108980178833
1111001201,1101001201,0.19094672799110413
1111011101,1111001201,0.2771696448326111
1111011101,0111011101,0.24670901894569397
1111011111,1111011101,0.27147039771080017
1111011111,2102011221,0.34187373518943787
1120111101,1120111100,0.2312604933977127
1120111101,0120111100,0.25026315450668335
1111111111,1120111101,0.2839503884315491
1111111111,1111011111,0.2547886073589325
