parent,child,pred_len
2121211101,2121212001,0.28639811277389526
2121211101,2121211201,0.2009987235069275
1111111111,2121211101,0.33077073097229004
1111111111,2122111221,0.3533886969089508
