parent,child,pred_len
1111111111,1111111001,0.33437421917915344
1111111111,2111111111,0.31417223811149597
