parent,child,pred_len
2112212211,2112202201,0.39010751247406006
1112112111,0122012000,0.3667652904987335
1112112111,2112212211,0.3565520644187927
1122012101,1122012001,0.27703678607940674
1122012101,0122012201,0.246399387717247
2112112221,2112012221,0.22497402131557465
2112112221,2112212221,0.25845032930374146
1112112111,2112112221,0.36507847905158997
1112112111,1122012101,0.3027704954147339
1111111111,1112112111,0.3743225038051605
1111111111,1112112111,0.3743225038051605
