parent,child,pred_len
1222112201,1222212201,0.20222517848014832
1222112201,1222012201,0.1743195801973343
2011020221,2021020221,0.19790589809417725
1111111111,2011020221,0.26002538204193115
1111111111,1222112201,0.40815630555152893
