parent,child,pred_len
0111111111,0111211211,0.28973639011383057
0111111111,0111111001,0.3520514667034149
1111111111,2102001201,0.4187968075275421
1111111111,0111111111,0.3010425865650177
