parent,child,pred_len
0102211221,0102211220,0.24828670918941498
0112211121,0102211221,0.25349926948547363
0112211121,0122211121,0.2563043236732483
1111111111,2100101000,0.46036413311958313
1111111111,0112211121,0.38574832677841187
1111111111,0220002121,0.45583999156951904
