parent,child,pred_len
1100111000,2100111000,0.19516676664352417
1100111000,0100001000,0.22116346657276154
1100111001,1100111000,0.2257852405309677
1100111001,2100101001,0.3260200023651123
2102111000,2102101000,0.19984078407287598
1111101111,2101101201,0.2843443751335144
1111101111,0121201121,0.2888694107532501
1111111111,1111101111,0.35436567664146423
1111111111,2102111000,0.4308239221572876
1111111111,1100111001,0.3369266986846924
1111111111,0200000021,0.47537651658058167
