parent,child,pred_len
0112212221,0012212221,0.2647424638271332
0112112221,0012012221,0.23102115094661713
0112112221,0112212221,0.29700618982315063
2112212021,2012212021,0.21882666647434235
1112112121,2112212021,0.3751271963119507
1112112121,0112112221,0.29098397493362427
1111111111,2120010021,0.34070056676864624
1111111111,1112112121,0.3963324725627899
