parent,child,pred_len
2110101210,2100101210,0.16800379753112793
2110101210,2100101200,0.1794712096452713
2110101110,2100101000,0.221690833568573
2110101110,2110101210,0.16679486632347107
2111111110,2102111000,0.28734397888183594
2111111110,2110101110,0.25795137882232666
1111111111,2120101121,0.40135401487350464
1111111111,2111111110,0.31547945737838745
