parent,child,pred_len
1112111001,1102000001,0.2711789608001709
1112111001,1112212001,0.2703443765640259
1111111001,2100012001,0.2709883749485016
1111111001,1112111001,0.2657994329929352
1111111121,1111111021,0.2786847949028015
1111111111,1111111121,0.29872241616249084
1111111111,1111111001,0.33437421917915344
