parent,child,pred_len
2100101011,2100101021,0.22204340994358063
2100101011,2100101000,0.22084002196788788
1111111111,0110201221,0.39404451847076416
1111111111,2100101011,0.4390929937362671
