parent,child,pred_len
2100101001,2100101000,0.18334563076496124
2100101001,2100001001,0.1642691195011139
1100101001,0100001000,0.19738292694091797
1100101001,2100101001,0.22789397835731506
1111111111,0000000021,0.3861527740955353
1111111111,1100101001,0.418097585439682
