parent,child,pred_len
2112212221,2122212221,0.24680623412132263
1112212221,0112212221,0.3019958436489105
1112212221,2112212221,0.31514832377433777
1111111111,2112212021,0.4947047829627991
1111111111,1112212221,0.3894721269607544
