parent,child,pred_len
0000212201,0000212200,0.3214576244354248
0010112201,0010012200,0.28785160183906555
0010112201,0000212201,0.32762226462364197
2100000121,2000000021,0.23362486064434052
2100000121,2100000221,0.2154185175895691
1111111111,2100000121,0.3961013853549957
1111111111,0010112201,0.3101423680782318
