parent,child,pred_len
1111111111,1111111101,0.29599785804748535
1111111111,1110111111,0.27989980578422546
1111111111,1111110101,0.3033473491668701
1111111111,1112111101,0.34564608335494995
2110111121,2110111221,0.21425557136535645
1111111111,2110111121,0.3348431885242462
0110212201,0100212201,0.3129065930843353
0110212201,0120212201,0.2980642020702362
1111111111,0110212201,0.35769277811050415
