parent,child,pred_len
1112011011,0102011000,0.26486629247665405
1112011011,1112011021,0.24454616010189056
1101101100,1101001100,0.14926253259181976
1101101100,2100101000,0.2195127159357071
1111111111,1101101100,0.3766322135925293
1111111111,1112011011,0.3391520082950592
