parent,child,pred_len
2101101000,2100101000,0.13344056904315948
1111001011,1111001001,0.21763795614242554
1111001011,1111001021,0.21986648440361023
1111001011,0101001001,0.23768432438373566
2101101000,2101001000,0.119292251765728
1111101011,2101101000,0.27349573373794556
1111101011,1111001011,0.2033408284187317
1111111111,1101201221,0.37153223156929016
1111111111,1111101011,0.3960522413253784
