parent,child,pred_len
0112000000,0122000000,0.1751410812139511
1111111111,0222000000,0.5128215551376343
1111111111,0112000000,0.47610390186309814
