parent,child,pred_len
1102111000,2102111000,0.18937747180461884
1102111000,1102211000,0.1731112003326416
1102111100,1102111200,0.1736888587474823
1102111100,1102111000,0.21466916799545288
1122211101,1122211100,0.2342810183763504
1111111111,1122211101,0.3447593152523041
1111111111,1102111100,0.3493031859397888
