parent,child,pred_len
1111112001,2100012001,0.27569580078125
1111112001,1112212001,0.32476872205734253
1111111121,1111111021,0.2786847949028015
1111111111,1111111121,0.29872241616249084
1111111111,1111112001,0.38129758834838867
1111111111,1102000001,0.45124390721321106
