parent,child,pred_len
2112111021,2102111021,0.19993863999843597
2111111011,2100101000,0.31837648153305054
2111111011,2112111021,0.2923608124256134
1111111111,2212110021,0.49007484316825867
1111111111,2111111011,0.3537209928035736
