parent,child,pred_len
2111112221,2112112221,0.29467612504959106
2111112221,2111012221,0.22655370831489563
2111111221,2111011221,0.18908029794692993
2111111221,2111211221,0.2187228798866272
2111112221,2111212221,0.2601861357688904
1112011111,1112001001,0.3841860294342041
1112011111,0112011221,0.27609580755233765
2111111221,2111112221,0.2451447993516922
1111111111,2111111221,0.31594401597976685
1111111111,1112011111,0.3004748523235321
1111111111,2211212221,0.42428094148635864
