parent,child,pred_len
1110001211,1110001201,0.23278850317001343
1111001211,1111001201,0.22778262197971344
1111001211,1110001211,0.2142653614282608
1111101211,1110201201,0.2606147527694702
1111101211,1111001211,0.21300052106380463
1111101211,1110002211,0.24952766299247742
2101101001,2102101000,0.21519529819488525
2101101001,2100101001,0.17846707999706268
1111111111,2101101001,0.45851701498031616
1111111111,1111101211,0.3352263569831848
