parent,child,pred_len
1111111111,1211212201,0.38132810592651367
1111111111,2112010221,0.3461161255836487
