parent,child,pred_len
2112212001,2102212001,0.2544725835323334
2112212001,2122212001,0.24142800271511078
2012212001,2022212001,0.25368732213974
1111111111,2012212001,0.4520706236362457
1111111111,2112212001,0.4914454519748688
