parent,child,pred_len
2112212221,2122212221,0.24680623412132263
2112212121,2112212021,0.3117980659008026
2112212121,2112212221,0.25837621092796326
1111111111,0112212221,0.41446593403816223
1111111111,2112212121,0.4503779411315918
